filename,type,start_page,end_page,version,multi_type,full_path
Abbott Labs Pakistan.pdf,balance_sheet,105,106,unknown,False,
Abbott Labs Pakistan.pdf,profit_and_loss,107,108,unknown,False,
Abbott Labs Pakistan.pdf,cash_flow,93,93,unknown,False,
Abbott Labs Pakistan.pdf,cash_flow,109,109,unknown,False,
Abbott Labs Pakistan.pdf,changes_in_equity,110,110,unknown,False,
Abbott Labs Pakistan.pdf,notes,100,100,unknown,False,
Abbott Labs Pakistan.pdf,notes,111,157,unknown,False,
Attock Cement.pdf,balance_sheet,77,77,unknown,False,
Attock Cement.pdf,profit_and_loss,78,78,unknown,False,
Attock Cement.pdf,cash_flow,80,80,unknown,False,
Attock Cement.pdf,changes_in_equity,79,79,unknown,False,
Attock Cement.pdf,notes,73,73,unknown,False,
Attock Cement.pdf,notes,81,127,unknown,False,
Engro Annual 2025.pdf,balance_sheet,159,159,consolidated,False,
Engro Annual 2025.pdf,balance_sheet,195,195,unknown,False,
Engro Annual 2025.pdf,profit_and_loss,160,160,consolidated,False,
Engro Annual 2025.pdf,profit_and_loss,196,196,unknown,False,
Engro Annual 2025.pdf,cash_flow,161,161,consolidated,True,
Engro Annual 2025.pdf,cash_flow,197,197,unknown,True,
Engro Annual 2025.pdf,changes_in_equity,161,161,consolidated,True,
Engro Annual 2025.pdf,changes_in_equity,197,197,unknown,True,
Engro Annual 2025.pdf,notes,162,162,consolidated,False,
Engro Annual 2025.pdf,notes,181,181,unknown,False,
Engro Annual 2025.pdf,notes,185,185,unknown,False,
Engro Annual 2025.pdf,notes,198,198,unknown,False,
Engro Annual 2025.pdf,notes,211,211,unknown,False,
Engro Annual 2025.pdf,notes,217,218,unknown,False,
Engro Annual 2025.pdf,notes,221,221,unknown,False,
Fauji Fertilizers.pdf,balance_sheet,307,308,unknown,False,
Fauji Fertilizers.pdf,balance_sheet,427,428,consolidated,False,
Fauji Fertilizers.pdf,profit_and_loss,309,310,unknown,False,
Fauji Fertilizers.pdf,profit_and_loss,429,430,consolidated,False,
Fauji Fertilizers.pdf,cash_flow,311,311,unknown,False,
Fauji Fertilizers.pdf,cash_flow,431,431,consolidated,False,
Fauji Fertilizers.pdf,changes_in_equity,312,312,unknown,False,
Fauji Fertilizers.pdf,changes_in_equity,432,432,consolidated,False,
Fauji Fertilizers.pdf,notes,61,62,unknown,False,
Fauji Fertilizers.pdf,notes,313,371,unknown,False,
Fauji Fertilizers.pdf,notes,375,383,unknown,False,
Fauji Fertilizers.pdf,notes,433,471,consolidated,False,
Fauji Fertilizers.pdf,notes,475,475,consolidated,False,
Fauji Fertilizers.pdf,notes,479,493,consolidated,False,
Fauji Fertilizers.pdf,notes,497,523,consolidated,False,
Gul Ahmed Annual 2025.pdf,balance_sheet,55,55,unconsolidated,True,
Gul Ahmed Annual 2025.pdf,balance_sheet,90,90,consolidated,True,
Gul Ahmed Annual 2025.pdf,profit_and_loss,55,55,unconsolidated,True,
Gul Ahmed Annual 2025.pdf,profit_and_loss,90,90,consolidated,True,
Gul Ahmed Annual 2025.pdf,cash_flow,57,57,unconsolidated,False,
Gul Ahmed Annual 2025.pdf,cash_flow,92,92,consolidated,False,
Gul Ahmed Annual 2025.pdf,changes_in_equity,56,56,unconsolidated,False,
Gul Ahmed Annual 2025.pdf,changes_in_equity,91,91,consolidated,False,
Gul Ahmed Annual 2025.pdf,notes,48,48,unknown,False,
Gul Ahmed Annual 2025.pdf,notes,53,53,unconsolidated,False,
Gul Ahmed Annual 2025.pdf,notes,58,58,unconsolidated,False,
Gul Ahmed Annual 2025.pdf,notes,93,93,consolidated,False,
Gul Ahmed Annual 2025.pdf,notes,97,97,consolidated,False,
Gul Ahmed Annual 2025.pdf,notes,100,100,consolidated,False,
Gul Ahmed Annual 2025.pdf,notes,116,116,unknown,False,
Indus Motor.pdf,balance_sheet,91,91,unknown,True,
Indus Motor.pdf,balance_sheet,273,273,unknown,False,
Indus Motor.pdf,profit_and_loss,91,91,unknown,True,
Indus Motor.pdf,profit_and_loss,274,275,unknown,False,
Indus Motor.pdf,cash_flow,276,276,unknown,False,
Indus Motor.pdf,changes_in_equity,277,277,unknown,False,
Indus Motor.pdf,notes,268,268,unknown,False,
Indus Motor.pdf,notes,278,320,unknown,False,
JS BankLtd.pdf,balance_sheet,60,60,unconsolidated,False,
JS BankLtd.pdf,balance_sheet,184,184,consolidated,False,
JS BankLtd.pdf,profit_and_loss,61,62,unconsolidated,False,
JS BankLtd.pdf,profit_and_loss,185,186,consolidated,False,
JS BankLtd.pdf,cash_flow,64,64,unconsolidated,False,
JS BankLtd.pdf,cash_flow,188,188,consolidated,False,
JS BankLtd.pdf,changes_in_equity,63,63,unconsolidated,False,
JS BankLtd.pdf,changes_in_equity,187,187,consolidated,False,
JS BankLtd.pdf,notes,5,5,unconsolidated,False,
JS BankLtd.pdf,notes,18,18,unknown,False,
JS BankLtd.pdf,notes,65,110,unconsolidated,False,
JS BankLtd.pdf,notes,113,145,unconsolidated,False,
JS BankLtd.pdf,notes,148,152,unconsolidated,False,
JS BankLtd.pdf,notes,155,159,unconsolidated,False,
JS BankLtd.pdf,notes,162,163,unconsolidated,False,
JS BankLtd.pdf,notes,166,168,unconsolidated,False,
JS BankLtd.pdf,notes,189,309,consolidated,False,
JS BankLtd.pdf,notes,312,313,consolidated,False,
JS BankLtd.pdf,notes,318,318,consolidated,False,
K-electric LImited.pdf,balance_sheet,105,105,unconsolidated,False,
K-electric LImited.pdf,balance_sheet,181,181,consolidated,False,
K-electric LImited.pdf,profit_and_loss,106,107,unconsolidated,False,
K-electric LImited.pdf,profit_and_loss,182,183,consolidated,False,
K-electric LImited.pdf,cash_flow,96,96,unknown,False,
K-electric LImited.pdf,cash_flow,109,109,unconsolidated,False,
K-electric LImited.pdf,cash_flow,185,185,consolidated,False,
K-electric LImited.pdf,changes_in_equity,108,108,unconsolidated,False,
K-electric LImited.pdf,changes_in_equity,184,184,consolidated,False,
K-electric LImited.pdf,notes,110,110,unconsolidated,False,
K-electric LImited.pdf,notes,122,122,unknown,False,
K-electric LImited.pdf,notes,140,140,unknown,False,
K-electric LImited.pdf,notes,186,186,consolidated,False,
K-electric LImited.pdf,notes,199,199,unknown,False,
Lucky Cement Limited.pdf,balance_sheet,239,239,unconsolidated,False,
Lucky Cement Limited.pdf,balance_sheet,290,290,consolidated,False,
Lucky Cement Limited.pdf,profit_and_loss,240,241,unconsolidated,False,
Lucky Cement Limited.pdf,profit_and_loss,291,292,consolidated,False,
Lucky Cement Limited.pdf,cash_flow,242,242,unconsolidated,False,
Lucky Cement Limited.pdf,cash_flow,293,293,consolidated,False,
Lucky Cement Limited.pdf,changes_in_equity,243,243,unconsolidated,False,
Lucky Cement Limited.pdf,changes_in_equity,294,294,consolidated,False,
Lucky Cement Limited.pdf,notes,169,169,unknown,False,
Lucky Cement Limited.pdf,notes,235,235,unconsolidated,False,
Lucky Cement Limited.pdf,notes,244,249,unconsolidated,False,
Lucky Cement Limited.pdf,notes,253,265,unconsolidated,False,
Lucky Cement Limited.pdf,notes,269,281,unconsolidated,False,
Lucky Cement Limited.pdf,notes,285,285,consolidated,False,
Lucky Cement Limited.pdf,notes,295,337,consolidated,False,
Lucky Cement Limited.pdf,notes,341,341,consolidated,False,
Lucky Cement Limited.pdf,notes,345,364,consolidated,False,
MCB Limited.pdf,balance_sheet,98,98,unknown,False,
MCB Limited.pdf,balance_sheet,329,329,unconsolidated,False,
MCB Limited.pdf,balance_sheet,459,459,consolidated,False,
MCB Limited.pdf,profit_and_loss,330,331,unconsolidated,False,
MCB Limited.pdf,profit_and_loss,460,461,consolidated,False,
MCB Limited.pdf,cash_flow,130,130,unknown,False,
MCB Limited.pdf,cash_flow,333,333,unconsolidated,False,
MCB Limited.pdf,cash_flow,463,463,consolidated,False,
MCB Limited.pdf,changes_in_equity,332,332,unconsolidated,False,
MCB Limited.pdf,notes,185,185,unknown,False,
MCB Limited.pdf,notes,325,325,unconsolidated,False,
MCB Limited.pdf,notes,334,374,unconsolidated,False,
MCB Limited.pdf,notes,377,431,unconsolidated,False,
MCB Limited.pdf,notes,455,455,consolidated,False,
MCB Limited.pdf,notes,464,510,consolidated,False,
MCB Limited.pdf,notes,513,568,consolidated,False,
MCB Limited.pdf,notes,590,590,unknown,False,
Mughal Iron and Steel.pdf,balance_sheet,82,82,unknown,False,
Mughal Iron and Steel.pdf,balance_sheet,153,153,consolidated,False,
Mughal Iron and Steel.pdf,profit_and_loss,83,84,unknown,False,
Mughal Iron and Steel.pdf,profit_and_loss,154,155,consolidated,False,
Mughal Iron and Steel.pdf,cash_flow,86,86,unknown,False,
Mughal Iron and Steel.pdf,cash_flow,157,157,consolidated,False,
Mughal Iron and Steel.pdf,changes_in_equity,85,85,unknown,False,
Mughal Iron and Steel.pdf,changes_in_equity,156,156,consolidated,False,
Mughal Iron and Steel.pdf,notes,70,70,unknown,False,
Mughal Iron and Steel.pdf,notes,87,145,consolidated,False,
Mughal Iron and Steel.pdf,notes,148,149,consolidated,False,
Mughal Iron and Steel.pdf,notes,158,224,consolidated,False,
NETSOL ANNUAL 2025.pdf,balance_sheet,87,88,unconsolidated,False,
NETSOL ANNUAL 2025.pdf,balance_sheet,141,142,consolidated,False,
NETSOL ANNUAL 2025.pdf,profit_and_loss,89,89,unconsolidated,False,
NETSOL ANNUAL 2025.pdf,profit_and_loss,143,143,consolidated,False,
NETSOL ANNUAL 2025.pdf,cash_flow,91,91,unconsolidated,False,
NETSOL ANNUAL 2025.pdf,cash_flow,145,145,consolidated,False,
NETSOL ANNUAL 2025.pdf,changes_in_equity,92,92,unconsolidated,False,
NETSOL ANNUAL 2025.pdf,changes_in_equity,146,146,consolidated,False,
NETSOL ANNUAL 2025.pdf,notes,82,82,unconsolidated,False,
NETSOL ANNUAL 2025.pdf,notes,93,103,unconsolidated,False,
NETSOL ANNUAL 2025.pdf,notes,109,115,unknown,False,
NETSOL ANNUAL 2025.pdf,notes,119,119,unknown,False,
NETSOL ANNUAL 2025.pdf,notes,123,123,unknown,False,
NETSOL ANNUAL 2025.pdf,notes,127,127,unknown,False,
NETSOL ANNUAL 2025.pdf,notes,131,131,unknown,False,
NETSOL ANNUAL 2025.pdf,notes,136,136,consolidated,False,
NETSOL ANNUAL 2025.pdf,notes,147,149,consolidated,False,
NETSOL ANNUAL 2025.pdf,notes,153,161,consolidated,False,
NETSOL ANNUAL 2025.pdf,notes,165,167,consolidated,False,
NETSOL ANNUAL 2025.pdf,notes,171,175,consolidated,False,
NETSOL ANNUAL 2025.pdf,notes,180,180,unknown,False,
NETSOL ANNUAL 2025.pdf,notes,183,187,consolidated,False,
Nishat.pdf,balance_sheet,43,44,unknown,False,
Nishat.pdf,balance_sheet,143,144,consolidated,False,
Nishat.pdf,profit_and_loss,45,46,unknown,False,
Nishat.pdf,profit_and_loss,145,146,consolidated,False,
Nishat.pdf,cash_flow,48,48,unknown,False,
Nishat.pdf,cash_flow,148,148,consolidated,False,
Nishat.pdf,changes_in_equity,47,47,unknown,False,
Nishat.pdf,changes_in_equity,147,147,consolidated,False,
Nishat.pdf,notes,37,37,unknown,False,
Nishat.pdf,notes,49,79,unknown,False,
Nishat.pdf,notes,87,109,unknown,False,
Nishat.pdf,notes,113,131,unknown,False,
Nishat.pdf,notes,134,134,consolidated,False,
Nishat.pdf,notes,149,149,consolidated,False,
Nishat.pdf,notes,153,199,consolidated,False,
Nishat.pdf,notes,207,249,consolidated,False,
Sapphire Textiles Limited.pdf,balance_sheet,81,81,unknown,False,
Sapphire Textiles Limited.pdf,balance_sheet,165,165,consolidated,False,
Sapphire Textiles Limited.pdf,profit_and_loss,82,83,unknown,False,
Sapphire Textiles Limited.pdf,profit_and_loss,166,167,consolidated,False,
Sapphire Textiles Limited.pdf,cash_flow,85,85,unknown,False,
Sapphire Textiles Limited.pdf,cash_flow,169,169,consolidated,False,
Sapphire Textiles Limited.pdf,changes_in_equity,84,84,unknown,False,
Sapphire Textiles Limited.pdf,notes,4,4,consolidated,False,
Sapphire Textiles Limited.pdf,notes,75,75,unknown,False,
Sapphire Textiles Limited.pdf,notes,86,124,unknown,False,
Sapphire Textiles Limited.pdf,notes,127,141,unknown,False,
Sapphire Textiles Limited.pdf,notes,144,151,unknown,False,
Sapphire Textiles Limited.pdf,notes,159,159,consolidated,False,
Sapphire Textiles Limited.pdf,notes,170,205,consolidated,False,
Sapphire Textiles Limited.pdf,notes,208,225,consolidated,False,
Sapphire Textiles Limited.pdf,notes,229,233,consolidated,False,
Sapphire Textiles Limited.pdf,notes,237,263,consolidated,False,
SYS.pdf,balance_sheet,136,136,unconsolidated,False,
SYS.pdf,balance_sheet,198,198,consolidated,False,
SYS.pdf,profit_and_loss,137,137,unconsolidated,False,
SYS.pdf,profit_and_loss,199,200,consolidated,False,
SYS.pdf,cash_flow,140,141,unconsolidated,False,
SYS.pdf,cash_flow,202,202,consolidated,False,
SYS.pdf,changes_in_equity,139,139,unconsolidated,False,
SYS.pdf,changes_in_equity,201,201,consolidated,False,
SYS.pdf,notes,133,133,unconsolidated,False,
SYS.pdf,notes,142,142,unconsolidated,False,
SYS.pdf,notes,153,153,unconsolidated,False,
SYS.pdf,notes,169,169,unconsolidated,False,
SYS.pdf,notes,185,185,unconsolidated,False,
SYS.pdf,notes,189,189,unconsolidated,False,
SYS.pdf,notes,194,194,consolidated,False,
SYS.pdf,notes,203,203,consolidated,False,
SYS.pdf,notes,242,242,unknown,False,
SYS.pdf,notes,245,245,unknown,False,
SYS.pdf,notes,256,256,consolidated,False,
SYS.pdf,notes,264,264,unknown,False,
SYS.pdf,notes,268,268,unknown,False,
TPL Tracker ltd.pdf,balance_sheet,68,68,unconsolidated,False,
TPL Tracker ltd.pdf,balance_sheet,100,100,consolidated,False,
TPL Tracker ltd.pdf,profit_and_loss,69,69,unconsolidated,False,
TPL Tracker ltd.pdf,profit_and_loss,101,101,consolidated,False,
TPL Tracker ltd.pdf,cash_flow,71,71,unconsolidated,False,
TPL Tracker ltd.pdf,cash_flow,103,103,unconsolidated,False,
TPL Tracker ltd.pdf,changes_in_equity,70,70,unconsolidated,False,
TPL Tracker ltd.pdf,changes_in_equity,102,102,consolidated,False,
TPL Tracker ltd.pdf,notes,3,3,unconsolidated,False,
TPL Tracker ltd.pdf,notes,47,47,unknown,False,
TPL Tracker ltd.pdf,notes,72,95,unconsolidated,False,
TPL Tracker ltd.pdf,notes,104,128,consolidated,False,
TPL Tracker ltd.pdf,notes,132,132,unknown,False,
TPL Tracker ltd.pdf,notes,135,135,unknown,False,
TPL Tracker ltd.pdf,notes,138,138,unknown,False,
Quice Foods.pdf,balance_sheet,40,40,unknown,False,C:\Users\ASUS\Downloads\Quice Foods.pdf
Quice Foods.pdf,profit_and_loss,41,41,unknown,False,C:\Users\ASUS\Downloads\Quice Foods.pdf
Quice Foods.pdf,cash_flow,44,44,unknown,False,C:\Users\ASUS\Downloads\Quice Foods.pdf
Quice Foods.pdf,changes_in_equity,43,43,unknown,False,C:\Users\ASUS\Downloads\Quice Foods.pdf
Quice Foods.pdf,notes,19,19,unknown,False,C:\Users\ASUS\Downloads\Quice Foods.pdf
Quice Foods.pdf,notes,45,63,unknown,False,C:\Users\ASUS\Downloads\Quice Foods.pdf
