filename,page,type,version
Abbott Labs Pakistan.pdf,93,cash_flow,unknown
Abbott Labs Pakistan.pdf,100,notes,unknown
Abbott Labs Pakistan.pdf,105,balance_sheet,unknown
Abbott Labs Pakistan.pdf,106,balance_sheet,unknown
Abbott Labs Pakistan.pdf,107,profit_and_loss,unknown
Abbott Labs Pakistan.pdf,108,profit_and_loss,unknown
Abbott Labs Pakistan.pdf,109,cash_flow,unknown
Abbott Labs Pakistan.pdf,110,changes_in_equity,unknown
Abbott Labs Pakistan.pdf,111,notes,unknown
Abbott Labs Pakistan.pdf,113,notes,unknown
Abbott Labs Pakistan.pdf,115,notes,unknown
Abbott Labs Pakistan.pdf,117,notes,unknown
Abbott Labs Pakistan.pdf,119,notes,unknown
Abbott Labs Pakistan.pdf,120,notes,unknown
Abbott Labs Pakistan.pdf,121,notes,unknown
Abbott Labs Pakistan.pdf,122,notes,unknown
Abbott Labs Pakistan.pdf,123,notes,unknown
Abbott Labs Pakistan.pdf,125,notes,unknown
Abbott Labs Pakistan.pdf,127,notes,unknown
Abbott Labs Pakistan.pdf,129,notes,unknown
Abbott Labs Pakistan.pdf,131,notes,unknown
Abbott Labs Pakistan.pdf,133,notes,unknown
Abbott Labs Pakistan.pdf,135,notes,unknown
Abbott Labs Pakistan.pdf,137,notes,unknown
Abbott Labs Pakistan.pdf,139,notes,unknown
Abbott Labs Pakistan.pdf,140,notes,unknown
Abbott Labs Pakistan.pdf,141,notes,unknown
Abbott Labs Pakistan.pdf,143,notes,unknown
Abbott Labs Pakistan.pdf,145,notes,unknown
Abbott Labs Pakistan.pdf,147,notes,unknown
Abbott Labs Pakistan.pdf,149,notes,unknown
Abbott Labs Pakistan.pdf,151,notes,unknown
Abbott Labs Pakistan.pdf,153,notes,unknown
Abbott Labs Pakistan.pdf,155,notes,unknown
Abbott Labs Pakistan.pdf,157,notes,unknown
Attock Cement.pdf,73,notes,unknown
Attock Cement.pdf,77,balance_sheet,unknown
Attock Cement.pdf,78,profit_and_loss,unknown
Attock Cement.pdf,79,changes_in_equity,unknown
Attock Cement.pdf,80,cash_flow,unknown
Attock Cement.pdf,81,notes,unknown
Attock Cement.pdf,83,notes,unknown
Attock Cement.pdf,85,notes,unknown
Attock Cement.pdf,87,notes,unknown
Attock Cement.pdf,89,notes,unknown
Attock Cement.pdf,91,notes,unknown
Attock Cement.pdf,93,notes,unknown
Attock Cement.pdf,95,notes,unknown
Attock Cement.pdf,97,notes,unknown
Attock Cement.pdf,99,notes,unknown
Attock Cement.pdf,101,notes,unknown
Attock Cement.pdf,103,notes,unknown
Attock Cement.pdf,104,notes,unknown
Attock Cement.pdf,105,notes,unknown
Attock Cement.pdf,107,notes,unknown
Attock Cement.pdf,109,notes,unknown
Attock Cement.pdf,111,notes,unknown
Attock Cement.pdf,113,notes,unknown
Attock Cement.pdf,115,notes,unknown
Attock Cement.pdf,117,notes,unknown
Attock Cement.pdf,119,notes,unknown
Attock Cement.pdf,121,notes,unknown
Attock Cement.pdf,123,notes,unknown
Attock Cement.pdf,125,notes,unknown
Attock Cement.pdf,127,notes,unknown
Engro Annual 2025.pdf,159,balance_sheet,consolidated
Engro Annual 2025.pdf,160,profit_and_loss,consolidated
Engro Annual 2025.pdf,161,"cash_flow, changes_in_equity",consolidated
Engro Annual 2025.pdf,162,notes,consolidated
Engro Annual 2025.pdf,181,notes,unknown
Engro Annual 2025.pdf,185,notes,unknown
Engro Annual 2025.pdf,195,balance_sheet,unknown
Engro Annual 2025.pdf,196,profit_and_loss,unknown
Engro Annual 2025.pdf,197,"cash_flow, changes_in_equity",unknown
Engro Annual 2025.pdf,198,notes,unknown
Engro Annual 2025.pdf,211,notes,unknown
Engro Annual 2025.pdf,217,notes,unknown
Engro Annual 2025.pdf,218,notes,unknown
Engro Annual 2025.pdf,221,notes,unknown
Fauji Fertilizers.pdf,61,notes,unknown
Fauji Fertilizers.pdf,62,notes,unknown
Fauji Fertilizers.pdf,307,balance_sheet,unknown
Fauji Fertilizers.pdf,308,balance_sheet,unknown
Fauji Fertilizers.pdf,309,profit_and_loss,unknown
Fauji Fertilizers.pdf,310,profit_and_loss,unknown
Fauji Fertilizers.pdf,311,cash_flow,unknown
Fauji Fertilizers.pdf,312,changes_in_equity,unknown
Fauji Fertilizers.pdf,313,notes,unknown
Fauji Fertilizers.pdf,315,notes,unknown
Fauji Fertilizers.pdf,317,notes,unknown
Fauji Fertilizers.pdf,319,notes,unknown
Fauji Fertilizers.pdf,321,notes,unknown
Fauji Fertilizers.pdf,323,notes,unknown
Fauji Fertilizers.pdf,325,notes,unknown
Fauji Fertilizers.pdf,327,notes,unknown
Fauji Fertilizers.pdf,329,notes,unknown
Fauji Fertilizers.pdf,331,notes,unknown
Fauji Fertilizers.pdf,333,notes,unknown
Fauji Fertilizers.pdf,335,notes,unknown
Fauji Fertilizers.pdf,337,notes,unknown
Fauji Fertilizers.pdf,339,notes,unknown
Fauji Fertilizers.pdf,341,notes,unknown
Fauji Fertilizers.pdf,343,notes,unknown
Fauji Fertilizers.pdf,345,notes,unknown
Fauji Fertilizers.pdf,347,notes,unknown
Fauji Fertilizers.pdf,349,notes,unknown
Fauji Fertilizers.pdf,351,notes,unknown
Fauji Fertilizers.pdf,353,notes,unknown
Fauji Fertilizers.pdf,354,notes,unknown
Fauji Fertilizers.pdf,355,notes,unknown
Fauji Fertilizers.pdf,357,notes,unknown
Fauji Fertilizers.pdf,358,notes,unknown
Fauji Fertilizers.pdf,359,notes,unknown
Fauji Fertilizers.pdf,361,notes,unknown
Fauji Fertilizers.pdf,363,notes,unknown
Fauji Fertilizers.pdf,365,notes,unknown
Fauji Fertilizers.pdf,367,notes,unknown
Fauji Fertilizers.pdf,368,notes,unknown
Fauji Fertilizers.pdf,369,notes,unknown
Fauji Fertilizers.pdf,371,notes,unknown
Fauji Fertilizers.pdf,375,notes,unknown
Fauji Fertilizers.pdf,377,notes,unknown
Fauji Fertilizers.pdf,379,notes,unknown
Fauji Fertilizers.pdf,381,notes,unknown
Fauji Fertilizers.pdf,383,notes,unknown
Fauji Fertilizers.pdf,427,balance_sheet,consolidated
Fauji Fertilizers.pdf,428,balance_sheet,unknown
Fauji Fertilizers.pdf,429,profit_and_loss,consolidated
Fauji Fertilizers.pdf,430,profit_and_loss,consolidated
Fauji Fertilizers.pdf,431,cash_flow,consolidated
Fauji Fertilizers.pdf,432,changes_in_equity,consolidated
Fauji Fertilizers.pdf,433,notes,consolidated
Fauji Fertilizers.pdf,435,notes,consolidated
Fauji Fertilizers.pdf,437,notes,consolidated
Fauji Fertilizers.pdf,439,notes,consolidated
Fauji Fertilizers.pdf,441,notes,consolidated
Fauji Fertilizers.pdf,443,notes,consolidated
Fauji Fertilizers.pdf,445,notes,consolidated
Fauji Fertilizers.pdf,447,notes,consolidated
Fauji Fertilizers.pdf,449,notes,consolidated
Fauji Fertilizers.pdf,451,notes,consolidated
Fauji Fertilizers.pdf,453,notes,consolidated
Fauji Fertilizers.pdf,455,notes,consolidated
Fauji Fertilizers.pdf,457,notes,consolidated
Fauji Fertilizers.pdf,459,notes,consolidated
Fauji Fertilizers.pdf,461,notes,consolidated
Fauji Fertilizers.pdf,463,notes,consolidated
Fauji Fertilizers.pdf,465,notes,consolidated
Fauji Fertilizers.pdf,467,notes,consolidated
Fauji Fertilizers.pdf,469,notes,consolidated
Fauji Fertilizers.pdf,471,notes,consolidated
Fauji Fertilizers.pdf,475,notes,consolidated
Fauji Fertilizers.pdf,479,notes,consolidated
Fauji Fertilizers.pdf,481,notes,consolidated
Fauji Fertilizers.pdf,483,notes,consolidated
Fauji Fertilizers.pdf,484,notes,unknown
Fauji Fertilizers.pdf,485,notes,consolidated
Fauji Fertilizers.pdf,487,notes,consolidated
Fauji Fertilizers.pdf,489,notes,consolidated
Fauji Fertilizers.pdf,491,notes,consolidated
Fauji Fertilizers.pdf,492,notes,consolidated
Fauji Fertilizers.pdf,493,notes,consolidated
Fauji Fertilizers.pdf,497,notes,consolidated
Fauji Fertilizers.pdf,499,notes,consolidated
Fauji Fertilizers.pdf,501,notes,consolidated
Fauji Fertilizers.pdf,502,notes,consolidated
Fauji Fertilizers.pdf,503,notes,consolidated
Fauji Fertilizers.pdf,504,notes,unknown
Fauji Fertilizers.pdf,505,notes,consolidated
Fauji Fertilizers.pdf,506,notes,consolidated
Fauji Fertilizers.pdf,507,notes,consolidated
Fauji Fertilizers.pdf,508,notes,unknown
Fauji Fertilizers.pdf,509,notes,consolidated
Fauji Fertilizers.pdf,511,notes,consolidated
Fauji Fertilizers.pdf,513,notes,consolidated
Fauji Fertilizers.pdf,515,notes,consolidated
Fauji Fertilizers.pdf,517,notes,consolidated
Fauji Fertilizers.pdf,519,notes,consolidated
Fauji Fertilizers.pdf,521,notes,consolidated
Fauji Fertilizers.pdf,522,notes,consolidated
Fauji Fertilizers.pdf,523,notes,consolidated
Gul Ahmed Annual 2025.pdf,48,notes,unknown
Gul Ahmed Annual 2025.pdf,53,notes,unconsolidated
Gul Ahmed Annual 2025.pdf,55,"balance_sheet, profit_and_loss",unconsolidated
Gul Ahmed Annual 2025.pdf,56,changes_in_equity,unconsolidated
Gul Ahmed Annual 2025.pdf,57,cash_flow,unconsolidated
Gul Ahmed Annual 2025.pdf,58,notes,unconsolidated
Gul Ahmed Annual 2025.pdf,90,"balance_sheet, profit_and_loss",consolidated
Gul Ahmed Annual 2025.pdf,91,changes_in_equity,consolidated
Gul Ahmed Annual 2025.pdf,92,cash_flow,consolidated
Gul Ahmed Annual 2025.pdf,93,notes,consolidated
Gul Ahmed Annual 2025.pdf,97,notes,consolidated
Gul Ahmed Annual 2025.pdf,100,notes,consolidated
Gul Ahmed Annual 2025.pdf,116,notes,unknown
Indus Motor.pdf,91,"profit_and_loss, balance_sheet",unknown
Indus Motor.pdf,268,notes,unknown
Indus Motor.pdf,273,balance_sheet,unknown
Indus Motor.pdf,274,profit_and_loss,unknown
Indus Motor.pdf,275,profit_and_loss,unknown
Indus Motor.pdf,276,cash_flow,unknown
Indus Motor.pdf,277,changes_in_equity,unknown
Indus Motor.pdf,278,notes,unknown
Indus Motor.pdf,279,notes,unknown
Indus Motor.pdf,280,notes,unknown
Indus Motor.pdf,281,notes,unknown
Indus Motor.pdf,282,notes,unknown
Indus Motor.pdf,283,notes,unknown
Indus Motor.pdf,284,notes,unknown
Indus Motor.pdf,285,notes,unknown
Indus Motor.pdf,286,notes,unknown
Indus Motor.pdf,287,notes,unknown
Indus Motor.pdf,288,notes,unknown
Indus Motor.pdf,289,notes,unknown
Indus Motor.pdf,290,notes,unknown
Indus Motor.pdf,291,notes,unknown
Indus Motor.pdf,292,notes,unknown
Indus Motor.pdf,293,notes,unknown
Indus Motor.pdf,294,notes,unknown
Indus Motor.pdf,295,notes,unknown
Indus Motor.pdf,296,notes,unknown
Indus Motor.pdf,297,notes,unknown
Indus Motor.pdf,298,notes,unknown
Indus Motor.pdf,299,notes,unknown
Indus Motor.pdf,300,notes,unknown
Indus Motor.pdf,301,notes,unknown
Indus Motor.pdf,302,notes,unknown
Indus Motor.pdf,303,notes,unknown
Indus Motor.pdf,304,notes,unknown
Indus Motor.pdf,305,notes,unknown
Indus Motor.pdf,306,notes,unknown
Indus Motor.pdf,307,notes,unknown
Indus Motor.pdf,308,notes,unknown
Indus Motor.pdf,309,notes,unknown
Indus Motor.pdf,310,notes,unknown
Indus Motor.pdf,311,notes,unknown
Indus Motor.pdf,312,notes,unknown
Indus Motor.pdf,313,notes,unknown
Indus Motor.pdf,314,notes,unknown
Indus Motor.pdf,315,notes,unknown
Indus Motor.pdf,316,notes,unknown
Indus Motor.pdf,317,notes,unknown
Indus Motor.pdf,318,notes,unknown
Indus Motor.pdf,319,notes,unknown
Indus Motor.pdf,320,notes,unknown
JS BankLtd.pdf,5,notes,unconsolidated
JS BankLtd.pdf,18,notes,unknown
JS BankLtd.pdf,60,balance_sheet,unconsolidated
JS BankLtd.pdf,61,profit_and_loss,unconsolidated
JS BankLtd.pdf,62,profit_and_loss,unconsolidated
JS BankLtd.pdf,63,changes_in_equity,unconsolidated
JS BankLtd.pdf,64,cash_flow,unconsolidated
JS BankLtd.pdf,65,notes,unconsolidated
JS BankLtd.pdf,66,notes,unconsolidated
JS BankLtd.pdf,67,notes,unconsolidated
JS BankLtd.pdf,68,notes,unconsolidated
JS BankLtd.pdf,69,notes,unconsolidated
JS BankLtd.pdf,70,notes,unconsolidated
JS BankLtd.pdf,71,notes,unconsolidated
JS BankLtd.pdf,72,notes,unconsolidated
JS BankLtd.pdf,73,notes,unconsolidated
JS BankLtd.pdf,74,notes,unconsolidated
JS BankLtd.pdf,75,notes,unconsolidated
JS BankLtd.pdf,76,notes,unconsolidated
JS BankLtd.pdf,77,notes,unconsolidated
JS BankLtd.pdf,78,notes,unconsolidated
JS BankLtd.pdf,79,notes,unconsolidated
JS BankLtd.pdf,80,notes,unconsolidated
JS BankLtd.pdf,81,notes,unconsolidated
JS BankLtd.pdf,82,notes,unconsolidated
JS BankLtd.pdf,83,notes,unconsolidated
JS BankLtd.pdf,84,notes,unconsolidated
JS BankLtd.pdf,85,notes,unconsolidated
JS BankLtd.pdf,86,notes,unconsolidated
JS BankLtd.pdf,87,notes,unconsolidated
JS BankLtd.pdf,88,notes,unconsolidated
JS BankLtd.pdf,89,notes,unconsolidated
JS BankLtd.pdf,90,notes,unconsolidated
JS BankLtd.pdf,91,notes,unconsolidated
JS BankLtd.pdf,92,notes,unconsolidated
JS BankLtd.pdf,93,notes,unconsolidated
JS BankLtd.pdf,94,notes,unconsolidated
JS BankLtd.pdf,95,notes,unconsolidated
JS BankLtd.pdf,96,notes,unconsolidated
JS BankLtd.pdf,97,notes,unconsolidated
JS BankLtd.pdf,98,notes,unconsolidated
JS BankLtd.pdf,99,notes,unconsolidated
JS BankLtd.pdf,100,notes,unconsolidated
JS BankLtd.pdf,101,notes,unconsolidated
JS BankLtd.pdf,102,notes,unconsolidated
JS BankLtd.pdf,103,notes,unconsolidated
JS BankLtd.pdf,104,notes,unconsolidated
JS BankLtd.pdf,105,notes,unconsolidated
JS BankLtd.pdf,106,notes,unconsolidated
JS BankLtd.pdf,107,notes,unconsolidated
JS BankLtd.pdf,108,notes,unconsolidated
JS BankLtd.pdf,109,notes,unconsolidated
JS BankLtd.pdf,110,notes,unconsolidated
JS BankLtd.pdf,113,notes,unconsolidated
JS BankLtd.pdf,114,notes,unconsolidated
JS BankLtd.pdf,115,notes,unconsolidated
JS BankLtd.pdf,116,notes,unconsolidated
JS BankLtd.pdf,117,notes,unconsolidated
JS BankLtd.pdf,118,notes,unconsolidated
JS BankLtd.pdf,119,notes,unconsolidated
JS BankLtd.pdf,120,notes,unconsolidated
JS BankLtd.pdf,121,notes,unconsolidated
JS BankLtd.pdf,122,notes,unconsolidated
JS BankLtd.pdf,123,notes,unconsolidated
JS BankLtd.pdf,124,notes,unconsolidated
JS BankLtd.pdf,125,notes,unconsolidated
JS BankLtd.pdf,126,notes,unconsolidated
JS BankLtd.pdf,127,notes,unconsolidated
JS BankLtd.pdf,128,notes,unconsolidated
JS BankLtd.pdf,129,notes,unconsolidated
JS BankLtd.pdf,130,notes,unconsolidated
JS BankLtd.pdf,131,notes,unconsolidated
JS BankLtd.pdf,132,notes,unconsolidated
JS BankLtd.pdf,133,notes,unconsolidated
JS BankLtd.pdf,134,notes,unconsolidated
JS BankLtd.pdf,135,notes,unconsolidated
JS BankLtd.pdf,136,notes,unconsolidated
JS BankLtd.pdf,137,notes,unconsolidated
JS BankLtd.pdf,138,notes,unconsolidated
JS BankLtd.pdf,139,notes,unconsolidated
JS BankLtd.pdf,140,notes,unconsolidated
JS BankLtd.pdf,141,notes,unconsolidated
JS BankLtd.pdf,142,notes,unconsolidated
JS BankLtd.pdf,143,notes,unconsolidated
JS BankLtd.pdf,144,notes,unconsolidated
JS BankLtd.pdf,145,notes,unconsolidated
JS BankLtd.pdf,148,notes,unconsolidated
JS BankLtd.pdf,149,notes,unconsolidated
JS BankLtd.pdf,150,notes,unconsolidated
JS BankLtd.pdf,151,notes,unconsolidated
JS BankLtd.pdf,152,notes,unconsolidated
JS BankLtd.pdf,155,notes,unconsolidated
JS BankLtd.pdf,156,notes,unconsolidated
JS BankLtd.pdf,157,notes,unconsolidated
JS BankLtd.pdf,158,notes,unconsolidated
JS BankLtd.pdf,159,notes,unconsolidated
JS BankLtd.pdf,162,notes,unconsolidated
JS BankLtd.pdf,163,notes,unconsolidated
JS BankLtd.pdf,166,notes,unconsolidated
JS BankLtd.pdf,167,notes,unconsolidated
JS BankLtd.pdf,168,notes,unconsolidated
JS BankLtd.pdf,184,balance_sheet,consolidated
JS BankLtd.pdf,185,profit_and_loss,consolidated
JS BankLtd.pdf,186,profit_and_loss,consolidated
JS BankLtd.pdf,187,changes_in_equity,consolidated
JS BankLtd.pdf,188,cash_flow,consolidated
JS BankLtd.pdf,189,notes,consolidated
JS BankLtd.pdf,190,notes,consolidated
JS BankLtd.pdf,191,notes,consolidated
JS BankLtd.pdf,192,notes,consolidated
JS BankLtd.pdf,193,notes,unconsolidated
JS BankLtd.pdf,194,notes,consolidated
JS BankLtd.pdf,195,notes,consolidated
JS BankLtd.pdf,196,notes,consolidated
JS BankLtd.pdf,197,notes,consolidated
JS BankLtd.pdf,198,notes,consolidated
JS BankLtd.pdf,199,notes,consolidated
JS BankLtd.pdf,200,notes,consolidated
JS BankLtd.pdf,201,notes,consolidated
JS BankLtd.pdf,202,notes,consolidated
JS BankLtd.pdf,203,notes,consolidated
JS BankLtd.pdf,204,notes,consolidated
JS BankLtd.pdf,205,notes,consolidated
JS BankLtd.pdf,206,notes,consolidated
JS BankLtd.pdf,207,notes,consolidated
JS BankLtd.pdf,208,notes,consolidated
JS BankLtd.pdf,209,notes,consolidated
JS BankLtd.pdf,210,notes,consolidated
JS BankLtd.pdf,211,notes,consolidated
JS BankLtd.pdf,212,notes,consolidated
JS BankLtd.pdf,213,notes,consolidated
JS BankLtd.pdf,214,notes,consolidated
JS BankLtd.pdf,215,notes,consolidated
JS BankLtd.pdf,216,notes,consolidated
JS BankLtd.pdf,217,notes,consolidated
JS BankLtd.pdf,218,notes,consolidated
JS BankLtd.pdf,219,notes,consolidated
JS BankLtd.pdf,220,notes,consolidated
JS BankLtd.pdf,221,notes,consolidated
JS BankLtd.pdf,222,notes,consolidated
JS BankLtd.pdf,223,notes,consolidated
JS BankLtd.pdf,224,notes,consolidated
JS BankLtd.pdf,225,notes,consolidated
JS BankLtd.pdf,226,notes,consolidated
JS BankLtd.pdf,227,notes,consolidated
JS BankLtd.pdf,228,notes,consolidated
JS BankLtd.pdf,229,notes,consolidated
JS BankLtd.pdf,230,notes,consolidated
JS BankLtd.pdf,232,notes,consolidated
JS BankLtd.pdf,233,notes,consolidated
JS BankLtd.pdf,234,notes,consolidated
JS BankLtd.pdf,235,notes,consolidated
JS BankLtd.pdf,236,notes,consolidated
JS BankLtd.pdf,237,notes,consolidated
JS BankLtd.pdf,238,notes,consolidated
JS BankLtd.pdf,239,notes,consolidated
JS BankLtd.pdf,240,notes,consolidated
JS BankLtd.pdf,241,notes,consolidated
JS BankLtd.pdf,242,notes,consolidated
JS BankLtd.pdf,243,notes,consolidated
JS BankLtd.pdf,244,notes,consolidated
JS BankLtd.pdf,245,notes,consolidated
JS BankLtd.pdf,246,notes,consolidated
JS BankLtd.pdf,247,notes,consolidated
JS BankLtd.pdf,248,notes,consolidated
JS BankLtd.pdf,250,notes,consolidated
JS BankLtd.pdf,252,notes,consolidated
JS BankLtd.pdf,253,notes,consolidated
JS BankLtd.pdf,254,notes,consolidated
JS BankLtd.pdf,255,notes,consolidated
JS BankLtd.pdf,256,notes,consolidated
JS BankLtd.pdf,257,notes,consolidated
JS BankLtd.pdf,258,notes,consolidated
JS BankLtd.pdf,259,notes,consolidated
JS BankLtd.pdf,260,notes,consolidated
JS BankLtd.pdf,261,notes,consolidated
JS BankLtd.pdf,262,notes,consolidated
JS BankLtd.pdf,263,notes,consolidated
JS BankLtd.pdf,264,notes,consolidated
JS BankLtd.pdf,265,notes,consolidated
JS BankLtd.pdf,266,notes,consolidated
JS BankLtd.pdf,267,notes,consolidated
JS BankLtd.pdf,268,notes,consolidated
JS BankLtd.pdf,269,notes,consolidated
JS BankLtd.pdf,270,notes,consolidated
JS BankLtd.pdf,271,notes,consolidated
JS BankLtd.pdf,272,notes,consolidated
JS BankLtd.pdf,273,notes,consolidated
JS BankLtd.pdf,274,notes,consolidated
JS BankLtd.pdf,275,notes,consolidated
JS BankLtd.pdf,276,notes,consolidated
JS BankLtd.pdf,277,notes,consolidated
JS BankLtd.pdf,278,notes,consolidated
JS BankLtd.pdf,279,notes,consolidated
JS BankLtd.pdf,280,notes,consolidated
JS BankLtd.pdf,281,notes,consolidated
JS BankLtd.pdf,282,notes,consolidated
JS BankLtd.pdf,283,notes,consolidated
JS BankLtd.pdf,284,notes,consolidated
JS BankLtd.pdf,285,notes,consolidated
JS BankLtd.pdf,286,notes,consolidated
JS BankLtd.pdf,287,notes,consolidated
JS BankLtd.pdf,288,notes,consolidated
JS BankLtd.pdf,289,notes,consolidated
JS BankLtd.pdf,290,notes,consolidated
JS BankLtd.pdf,291,notes,consolidated
JS BankLtd.pdf,292,notes,consolidated
JS BankLtd.pdf,293,notes,consolidated
JS BankLtd.pdf,294,notes,consolidated
JS BankLtd.pdf,295,notes,consolidated
JS BankLtd.pdf,296,notes,consolidated
JS BankLtd.pdf,297,notes,consolidated
JS BankLtd.pdf,298,notes,consolidated
JS BankLtd.pdf,299,notes,consolidated
JS BankLtd.pdf,300,notes,consolidated
JS BankLtd.pdf,301,notes,consolidated
JS BankLtd.pdf,302,notes,consolidated
JS BankLtd.pdf,304,notes,consolidated
JS BankLtd.pdf,305,notes,consolidated
JS BankLtd.pdf,306,notes,consolidated
JS BankLtd.pdf,307,notes,consolidated
JS BankLtd.pdf,308,notes,consolidated
JS BankLtd.pdf,309,notes,consolidated
JS BankLtd.pdf,312,notes,consolidated
JS BankLtd.pdf,313,notes,consolidated
JS BankLtd.pdf,318,notes,consolidated
K-electric LImited.pdf,96,cash_flow,unknown
K-electric LImited.pdf,105,balance_sheet,unconsolidated
K-electric LImited.pdf,106,profit_and_loss,unconsolidated
K-electric LImited.pdf,107,profit_and_loss,unconsolidated
K-electric LImited.pdf,108,changes_in_equity,unconsolidated
K-electric LImited.pdf,109,cash_flow,unconsolidated
K-electric LImited.pdf,110,notes,unconsolidated
K-electric LImited.pdf,122,notes,unknown
K-electric LImited.pdf,140,notes,unknown
K-electric LImited.pdf,181,balance_sheet,consolidated
K-electric LImited.pdf,182,profit_and_loss,consolidated
K-electric LImited.pdf,183,profit_and_loss,consolidated
K-electric LImited.pdf,184,changes_in_equity,consolidated
K-electric LImited.pdf,185,cash_flow,consolidated
K-electric LImited.pdf,186,notes,consolidated
K-electric LImited.pdf,199,notes,unknown
Lucky Cement Limited.pdf,169,notes,unknown
Lucky Cement Limited.pdf,235,notes,unconsolidated
Lucky Cement Limited.pdf,239,balance_sheet,unconsolidated
Lucky Cement Limited.pdf,240,profit_and_loss,unconsolidated
Lucky Cement Limited.pdf,241,profit_and_loss,unconsolidated
Lucky Cement Limited.pdf,242,cash_flow,unconsolidated
Lucky Cement Limited.pdf,243,changes_in_equity,unconsolidated
Lucky Cement Limited.pdf,244,notes,unconsolidated
Lucky Cement Limited.pdf,245,notes,unconsolidated
Lucky Cement Limited.pdf,247,notes,unconsolidated
Lucky Cement Limited.pdf,249,notes,unconsolidated
Lucky Cement Limited.pdf,253,notes,unconsolidated
Lucky Cement Limited.pdf,255,notes,unconsolidated
Lucky Cement Limited.pdf,257,notes,unconsolidated
Lucky Cement Limited.pdf,259,notes,unconsolidated
Lucky Cement Limited.pdf,261,notes,unconsolidated
Lucky Cement Limited.pdf,263,notes,unconsolidated
Lucky Cement Limited.pdf,265,notes,unconsolidated
Lucky Cement Limited.pdf,269,notes,unconsolidated
Lucky Cement Limited.pdf,271,notes,unconsolidated
Lucky Cement Limited.pdf,273,notes,unconsolidated
Lucky Cement Limited.pdf,275,notes,unconsolidated
Lucky Cement Limited.pdf,277,notes,unconsolidated
Lucky Cement Limited.pdf,279,notes,unconsolidated
Lucky Cement Limited.pdf,281,notes,unconsolidated
Lucky Cement Limited.pdf,285,notes,consolidated
Lucky Cement Limited.pdf,290,balance_sheet,consolidated
Lucky Cement Limited.pdf,291,profit_and_loss,consolidated
Lucky Cement Limited.pdf,292,profit_and_loss,consolidated
Lucky Cement Limited.pdf,293,cash_flow,consolidated
Lucky Cement Limited.pdf,294,changes_in_equity,consolidated
Lucky Cement Limited.pdf,295,notes,consolidated
Lucky Cement Limited.pdf,297,notes,consolidated
Lucky Cement Limited.pdf,299,notes,consolidated
Lucky Cement Limited.pdf,301,notes,consolidated
Lucky Cement Limited.pdf,303,notes,consolidated
Lucky Cement Limited.pdf,305,notes,consolidated
Lucky Cement Limited.pdf,307,notes,consolidated
Lucky Cement Limited.pdf,309,notes,consolidated
Lucky Cement Limited.pdf,311,notes,consolidated
Lucky Cement Limited.pdf,313,notes,consolidated
Lucky Cement Limited.pdf,315,notes,consolidated
Lucky Cement Limited.pdf,317,notes,consolidated
Lucky Cement Limited.pdf,319,notes,consolidated
Lucky Cement Limited.pdf,321,notes,consolidated
Lucky Cement Limited.pdf,323,notes,consolidated
Lucky Cement Limited.pdf,325,notes,consolidated
Lucky Cement Limited.pdf,327,notes,consolidated
Lucky Cement Limited.pdf,329,notes,consolidated
Lucky Cement Limited.pdf,331,notes,consolidated
Lucky Cement Limited.pdf,333,notes,consolidated
Lucky Cement Limited.pdf,335,notes,consolidated
Lucky Cement Limited.pdf,337,notes,consolidated
Lucky Cement Limited.pdf,341,notes,consolidated
Lucky Cement Limited.pdf,345,notes,consolidated
Lucky Cement Limited.pdf,347,notes,consolidated
Lucky Cement Limited.pdf,349,notes,consolidated
Lucky Cement Limited.pdf,351,notes,consolidated
Lucky Cement Limited.pdf,353,notes,consolidated
Lucky Cement Limited.pdf,355,notes,consolidated
Lucky Cement Limited.pdf,357,notes,consolidated
Lucky Cement Limited.pdf,359,notes,consolidated
Lucky Cement Limited.pdf,361,notes,consolidated
Lucky Cement Limited.pdf,363,notes,consolidated
Lucky Cement Limited.pdf,364,notes,unknown
MCB Limited.pdf,98,balance_sheet,unknown
MCB Limited.pdf,130,cash_flow,unknown
MCB Limited.pdf,185,notes,unknown
MCB Limited.pdf,325,notes,unconsolidated
MCB Limited.pdf,329,balance_sheet,unconsolidated
MCB Limited.pdf,330,profit_and_loss,unconsolidated
MCB Limited.pdf,331,profit_and_loss,unconsolidated
MCB Limited.pdf,332,changes_in_equity,unconsolidated
MCB Limited.pdf,333,cash_flow,unconsolidated
MCB Limited.pdf,334,notes,unconsolidated
MCB Limited.pdf,335,notes,unconsolidated
MCB Limited.pdf,336,notes,unconsolidated
MCB Limited.pdf,337,notes,unconsolidated
MCB Limited.pdf,338,notes,unconsolidated
MCB Limited.pdf,339,notes,unconsolidated
MCB Limited.pdf,340,notes,unconsolidated
MCB Limited.pdf,341,notes,unconsolidated
MCB Limited.pdf,342,notes,unconsolidated
MCB Limited.pdf,343,notes,unconsolidated
MCB Limited.pdf,344,notes,unconsolidated
MCB Limited.pdf,345,notes,unconsolidated
MCB Limited.pdf,346,notes,unconsolidated
MCB Limited.pdf,347,notes,unconsolidated
MCB Limited.pdf,348,notes,unconsolidated
MCB Limited.pdf,349,notes,unconsolidated
MCB Limited.pdf,350,notes,unconsolidated
MCB Limited.pdf,351,notes,unconsolidated
MCB Limited.pdf,352,notes,unconsolidated
MCB Limited.pdf,353,notes,unconsolidated
MCB Limited.pdf,354,notes,unconsolidated
MCB Limited.pdf,355,notes,unconsolidated
MCB Limited.pdf,356,notes,unconsolidated
MCB Limited.pdf,357,notes,unconsolidated
MCB Limited.pdf,358,notes,unconsolidated
MCB Limited.pdf,359,notes,unconsolidated
MCB Limited.pdf,360,notes,unconsolidated
MCB Limited.pdf,361,notes,unconsolidated
MCB Limited.pdf,362,notes,unconsolidated
MCB Limited.pdf,363,notes,unconsolidated
MCB Limited.pdf,364,notes,unconsolidated
MCB Limited.pdf,365,notes,unconsolidated
MCB Limited.pdf,366,notes,unconsolidated
MCB Limited.pdf,367,notes,unconsolidated
MCB Limited.pdf,368,notes,unconsolidated
MCB Limited.pdf,369,notes,unconsolidated
MCB Limited.pdf,370,notes,unconsolidated
MCB Limited.pdf,371,notes,unconsolidated
MCB Limited.pdf,372,notes,unconsolidated
MCB Limited.pdf,373,notes,unconsolidated
MCB Limited.pdf,374,notes,unconsolidated
MCB Limited.pdf,377,notes,unconsolidated
MCB Limited.pdf,378,notes,unconsolidated
MCB Limited.pdf,379,notes,unconsolidated
MCB Limited.pdf,380,notes,unconsolidated
MCB Limited.pdf,381,notes,unconsolidated
MCB Limited.pdf,382,notes,unconsolidated
MCB Limited.pdf,383,notes,unconsolidated
MCB Limited.pdf,384,notes,unconsolidated
MCB Limited.pdf,385,notes,unconsolidated
MCB Limited.pdf,386,notes,unconsolidated
MCB Limited.pdf,387,notes,unconsolidated
MCB Limited.pdf,388,notes,unconsolidated
MCB Limited.pdf,389,notes,unconsolidated
MCB Limited.pdf,390,notes,unconsolidated
MCB Limited.pdf,391,notes,unconsolidated
MCB Limited.pdf,392,notes,unconsolidated
MCB Limited.pdf,393,notes,unconsolidated
MCB Limited.pdf,394,notes,unconsolidated
MCB Limited.pdf,395,notes,unconsolidated
MCB Limited.pdf,396,notes,unconsolidated
MCB Limited.pdf,397,notes,unconsolidated
MCB Limited.pdf,398,notes,unconsolidated
MCB Limited.pdf,399,notes,unconsolidated
MCB Limited.pdf,400,notes,unconsolidated
MCB Limited.pdf,401,notes,unconsolidated
MCB Limited.pdf,402,notes,unconsolidated
MCB Limited.pdf,403,notes,unconsolidated
MCB Limited.pdf,404,notes,unconsolidated
MCB Limited.pdf,405,notes,unconsolidated
MCB Limited.pdf,406,notes,unconsolidated
MCB Limited.pdf,407,notes,unconsolidated
MCB Limited.pdf,408,notes,unconsolidated
MCB Limited.pdf,409,notes,unconsolidated
MCB Limited.pdf,410,notes,unconsolidated
MCB Limited.pdf,411,notes,unconsolidated
MCB Limited.pdf,412,notes,unconsolidated
MCB Limited.pdf,413,notes,unconsolidated
MCB Limited.pdf,414,notes,unconsolidated
MCB Limited.pdf,415,notes,unconsolidated
MCB Limited.pdf,416,notes,unconsolidated
MCB Limited.pdf,417,notes,unconsolidated
MCB Limited.pdf,418,notes,unconsolidated
MCB Limited.pdf,419,notes,unconsolidated
MCB Limited.pdf,420,notes,unconsolidated
MCB Limited.pdf,421,notes,unconsolidated
MCB Limited.pdf,422,notes,unconsolidated
MCB Limited.pdf,423,notes,unconsolidated
MCB Limited.pdf,424,notes,unconsolidated
MCB Limited.pdf,425,notes,unconsolidated
MCB Limited.pdf,426,notes,unconsolidated
MCB Limited.pdf,427,notes,unconsolidated
MCB Limited.pdf,428,notes,unconsolidated
MCB Limited.pdf,429,notes,unconsolidated
MCB Limited.pdf,430,notes,unconsolidated
MCB Limited.pdf,431,notes,unconsolidated
MCB Limited.pdf,455,notes,consolidated
MCB Limited.pdf,459,balance_sheet,consolidated
MCB Limited.pdf,460,profit_and_loss,consolidated
MCB Limited.pdf,461,profit_and_loss,consolidated
MCB Limited.pdf,463,cash_flow,consolidated
MCB Limited.pdf,464,notes,consolidated
MCB Limited.pdf,465,notes,consolidated
MCB Limited.pdf,466,notes,consolidated
MCB Limited.pdf,467,notes,consolidated
MCB Limited.pdf,468,notes,consolidated
MCB Limited.pdf,469,notes,consolidated
MCB Limited.pdf,470,notes,consolidated
MCB Limited.pdf,471,notes,consolidated
MCB Limited.pdf,472,notes,consolidated
MCB Limited.pdf,473,notes,consolidated
MCB Limited.pdf,474,notes,consolidated
MCB Limited.pdf,475,notes,consolidated
MCB Limited.pdf,476,notes,consolidated
MCB Limited.pdf,477,notes,consolidated
MCB Limited.pdf,478,notes,consolidated
MCB Limited.pdf,479,notes,consolidated
MCB Limited.pdf,480,notes,consolidated
MCB Limited.pdf,481,notes,consolidated
MCB Limited.pdf,482,notes,consolidated
MCB Limited.pdf,483,notes,consolidated
MCB Limited.pdf,484,notes,consolidated
MCB Limited.pdf,485,notes,consolidated
MCB Limited.pdf,486,notes,consolidated
MCB Limited.pdf,487,notes,consolidated
MCB Limited.pdf,488,notes,consolidated
MCB Limited.pdf,489,notes,consolidated
MCB Limited.pdf,490,notes,consolidated
MCB Limited.pdf,491,notes,consolidated
MCB Limited.pdf,492,notes,consolidated
MCB Limited.pdf,493,notes,consolidated
MCB Limited.pdf,494,notes,consolidated
MCB Limited.pdf,495,notes,consolidated
MCB Limited.pdf,496,notes,consolidated
MCB Limited.pdf,497,notes,consolidated
MCB Limited.pdf,498,notes,consolidated
MCB Limited.pdf,499,notes,consolidated
MCB Limited.pdf,500,notes,consolidated
MCB Limited.pdf,501,notes,consolidated
MCB Limited.pdf,502,notes,consolidated
MCB Limited.pdf,503,notes,consolidated
MCB Limited.pdf,504,notes,consolidated
MCB Limited.pdf,505,notes,consolidated
MCB Limited.pdf,506,notes,consolidated
MCB Limited.pdf,507,notes,consolidated
MCB Limited.pdf,508,notes,consolidated
MCB Limited.pdf,509,notes,consolidated
MCB Limited.pdf,510,notes,consolidated
MCB Limited.pdf,513,notes,consolidated
MCB Limited.pdf,514,notes,consolidated
MCB Limited.pdf,515,notes,consolidated
MCB Limited.pdf,516,notes,consolidated
MCB Limited.pdf,517,notes,consolidated
MCB Limited.pdf,518,notes,consolidated
MCB Limited.pdf,519,notes,consolidated
MCB Limited.pdf,520,notes,consolidated
MCB Limited.pdf,521,notes,consolidated
MCB Limited.pdf,522,notes,consolidated
MCB Limited.pdf,523,notes,consolidated
MCB Limited.pdf,524,notes,consolidated
MCB Limited.pdf,525,notes,consolidated
MCB Limited.pdf,526,notes,consolidated
MCB Limited.pdf,527,notes,consolidated
MCB Limited.pdf,528,notes,consolidated
MCB Limited.pdf,529,notes,consolidated
MCB Limited.pdf,530,notes,consolidated
MCB Limited.pdf,531,notes,consolidated
MCB Limited.pdf,532,notes,consolidated
MCB Limited.pdf,533,notes,consolidated
MCB Limited.pdf,534,notes,consolidated
MCB Limited.pdf,535,notes,consolidated
MCB Limited.pdf,536,notes,consolidated
MCB Limited.pdf,537,notes,consolidated
MCB Limited.pdf,538,notes,consolidated
MCB Limited.pdf,539,notes,consolidated
MCB Limited.pdf,540,notes,consolidated
MCB Limited.pdf,541,notes,consolidated
MCB Limited.pdf,542,notes,consolidated
MCB Limited.pdf,543,notes,consolidated
MCB Limited.pdf,544,notes,consolidated
MCB Limited.pdf,545,notes,consolidated
MCB Limited.pdf,546,notes,consolidated
MCB Limited.pdf,547,notes,consolidated
MCB Limited.pdf,548,notes,consolidated
MCB Limited.pdf,549,notes,consolidated
MCB Limited.pdf,550,notes,consolidated
MCB Limited.pdf,551,notes,consolidated
MCB Limited.pdf,552,notes,consolidated
MCB Limited.pdf,553,notes,consolidated
MCB Limited.pdf,554,notes,consolidated
MCB Limited.pdf,555,notes,consolidated
MCB Limited.pdf,556,notes,consolidated
MCB Limited.pdf,557,notes,consolidated
MCB Limited.pdf,558,notes,consolidated
MCB Limited.pdf,559,notes,consolidated
MCB Limited.pdf,560,notes,consolidated
MCB Limited.pdf,561,notes,consolidated
MCB Limited.pdf,562,notes,consolidated
MCB Limited.pdf,563,notes,consolidated
MCB Limited.pdf,564,notes,consolidated
MCB Limited.pdf,565,notes,consolidated
MCB Limited.pdf,566,notes,consolidated
MCB Limited.pdf,567,notes,consolidated
MCB Limited.pdf,568,notes,consolidated
MCB Limited.pdf,590,notes,unknown
Mughal Iron and Steel.pdf,70,notes,unknown
Mughal Iron and Steel.pdf,82,balance_sheet,unknown
Mughal Iron and Steel.pdf,83,profit_and_loss,unknown
Mughal Iron and Steel.pdf,84,profit_and_loss,unknown
Mughal Iron and Steel.pdf,85,changes_in_equity,unknown
Mughal Iron and Steel.pdf,86,cash_flow,unknown
Mughal Iron and Steel.pdf,87,notes,unknown
Mughal Iron and Steel.pdf,88,notes,unknown
Mughal Iron and Steel.pdf,89,notes,unknown
Mughal Iron and Steel.pdf,90,notes,unknown
Mughal Iron and Steel.pdf,91,notes,unknown
Mughal Iron and Steel.pdf,92,notes,unknown
Mughal Iron and Steel.pdf,93,notes,unknown
Mughal Iron and Steel.pdf,94,notes,unknown
Mughal Iron and Steel.pdf,95,notes,unknown
Mughal Iron and Steel.pdf,96,notes,unknown
Mughal Iron and Steel.pdf,97,notes,unknown
Mughal Iron and Steel.pdf,98,notes,unknown
Mughal Iron and Steel.pdf,99,notes,unknown
Mughal Iron and Steel.pdf,100,notes,unknown
Mughal Iron and Steel.pdf,101,notes,consolidated
Mughal Iron and Steel.pdf,102,notes,unknown
Mughal Iron and Steel.pdf,103,notes,unknown
Mughal Iron and Steel.pdf,104,notes,unknown
Mughal Iron and Steel.pdf,105,notes,unknown
Mughal Iron and Steel.pdf,106,notes,unknown
Mughal Iron and Steel.pdf,108,notes,unknown
Mughal Iron and Steel.pdf,109,notes,unknown
Mughal Iron and Steel.pdf,110,notes,unknown
Mughal Iron and Steel.pdf,111,notes,unknown
Mughal Iron and Steel.pdf,112,notes,unknown
Mughal Iron and Steel.pdf,113,notes,unknown
Mughal Iron and Steel.pdf,114,notes,unknown
Mughal Iron and Steel.pdf,115,notes,unknown
Mughal Iron and Steel.pdf,116,notes,unknown
Mughal Iron and Steel.pdf,118,notes,unknown
Mughal Iron and Steel.pdf,119,notes,unknown
Mughal Iron and Steel.pdf,120,notes,unknown
Mughal Iron and Steel.pdf,121,notes,unknown
Mughal Iron and Steel.pdf,123,notes,unknown
Mughal Iron and Steel.pdf,124,notes,unknown
Mughal Iron and Steel.pdf,125,notes,unknown
Mughal Iron and Steel.pdf,126,notes,unknown
Mughal Iron and Steel.pdf,127,notes,unknown
Mughal Iron and Steel.pdf,128,notes,unknown
Mughal Iron and Steel.pdf,129,notes,unknown
Mughal Iron and Steel.pdf,130,notes,consolidated
Mughal Iron and Steel.pdf,131,notes,unknown
Mughal Iron and Steel.pdf,132,notes,unknown
Mughal Iron and Steel.pdf,133,notes,unknown
Mughal Iron and Steel.pdf,134,notes,unknown
Mughal Iron and Steel.pdf,135,notes,unknown
Mughal Iron and Steel.pdf,136,notes,unknown
Mughal Iron and Steel.pdf,137,notes,unknown
Mughal Iron and Steel.pdf,138,notes,unknown
Mughal Iron and Steel.pdf,139,notes,unknown
Mughal Iron and Steel.pdf,141,notes,unknown
Mughal Iron and Steel.pdf,142,notes,unknown
Mughal Iron and Steel.pdf,143,notes,unknown
Mughal Iron and Steel.pdf,144,notes,unknown
Mughal Iron and Steel.pdf,145,notes,unknown
Mughal Iron and Steel.pdf,148,notes,consolidated
Mughal Iron and Steel.pdf,149,notes,consolidated
Mughal Iron and Steel.pdf,153,balance_sheet,consolidated
Mughal Iron and Steel.pdf,154,profit_and_loss,consolidated
Mughal Iron and Steel.pdf,155,profit_and_loss,consolidated
Mughal Iron and Steel.pdf,156,changes_in_equity,consolidated
Mughal Iron and Steel.pdf,157,cash_flow,consolidated
Mughal Iron and Steel.pdf,158,notes,consolidated
Mughal Iron and Steel.pdf,159,notes,consolidated
Mughal Iron and Steel.pdf,160,notes,consolidated
Mughal Iron and Steel.pdf,161,notes,consolidated
Mughal Iron and Steel.pdf,162,notes,consolidated
Mughal Iron and Steel.pdf,163,notes,consolidated
Mughal Iron and Steel.pdf,164,notes,consolidated
Mughal Iron and Steel.pdf,165,notes,consolidated
Mughal Iron and Steel.pdf,166,notes,consolidated
Mughal Iron and Steel.pdf,167,notes,consolidated
Mughal Iron and Steel.pdf,168,notes,consolidated
Mughal Iron and Steel.pdf,169,notes,consolidated
Mughal Iron and Steel.pdf,170,notes,consolidated
Mughal Iron and Steel.pdf,171,notes,consolidated
Mughal Iron and Steel.pdf,172,notes,consolidated
Mughal Iron and Steel.pdf,173,notes,consolidated
Mughal Iron and Steel.pdf,174,notes,consolidated
Mughal Iron and Steel.pdf,175,notes,consolidated
Mughal Iron and Steel.pdf,176,notes,consolidated
Mughal Iron and Steel.pdf,177,notes,consolidated
Mughal Iron and Steel.pdf,178,notes,consolidated
Mughal Iron and Steel.pdf,180,notes,consolidated
Mughal Iron and Steel.pdf,181,notes,consolidated
Mughal Iron and Steel.pdf,182,notes,consolidated
Mughal Iron and Steel.pdf,183,notes,consolidated
Mughal Iron and Steel.pdf,184,notes,consolidated
Mughal Iron and Steel.pdf,185,notes,consolidated
Mughal Iron and Steel.pdf,186,notes,consolidated
Mughal Iron and Steel.pdf,187,notes,consolidated
Mughal Iron and Steel.pdf,188,notes,consolidated
Mughal Iron and Steel.pdf,189,notes,consolidated
Mughal Iron and Steel.pdf,190,notes,consolidated
Mughal Iron and Steel.pdf,192,notes,consolidated
Mughal Iron and Steel.pdf,193,notes,consolidated
Mughal Iron and Steel.pdf,194,notes,consolidated
Mughal Iron and Steel.pdf,195,notes,consolidated
Mughal Iron and Steel.pdf,196,notes,consolidated
Mughal Iron and Steel.pdf,197,notes,consolidated
Mughal Iron and Steel.pdf,198,notes,consolidated
Mughal Iron and Steel.pdf,199,notes,consolidated
Mughal Iron and Steel.pdf,200,notes,consolidated
Mughal Iron and Steel.pdf,201,notes,consolidated
Mughal Iron and Steel.pdf,202,notes,consolidated
Mughal Iron and Steel.pdf,203,notes,consolidated
Mughal Iron and Steel.pdf,204,notes,consolidated
Mughal Iron and Steel.pdf,205,notes,consolidated
Mughal Iron and Steel.pdf,206,notes,consolidated
Mughal Iron and Steel.pdf,207,notes,consolidated
Mughal Iron and Steel.pdf,208,notes,consolidated
Mughal Iron and Steel.pdf,209,notes,consolidated
Mughal Iron and Steel.pdf,210,notes,consolidated
Mughal Iron and Steel.pdf,211,notes,consolidated
Mughal Iron and Steel.pdf,212,notes,consolidated
Mughal Iron and Steel.pdf,213,notes,consolidated
Mughal Iron and Steel.pdf,214,notes,consolidated
Mughal Iron and Steel.pdf,215,notes,consolidated
Mughal Iron and Steel.pdf,216,notes,consolidated
Mughal Iron and Steel.pdf,217,notes,consolidated
Mughal Iron and Steel.pdf,219,notes,consolidated
Mughal Iron and Steel.pdf,220,notes,consolidated
Mughal Iron and Steel.pdf,221,notes,consolidated
Mughal Iron and Steel.pdf,222,notes,consolidated
Mughal Iron and Steel.pdf,223,notes,consolidated
Mughal Iron and Steel.pdf,224,notes,consolidated
NETSOL ANNUAL 2025.pdf,82,notes,unconsolidated
NETSOL ANNUAL 2025.pdf,87,balance_sheet,unconsolidated
NETSOL ANNUAL 2025.pdf,88,balance_sheet,unknown
NETSOL ANNUAL 2025.pdf,89,profit_and_loss,unconsolidated
NETSOL ANNUAL 2025.pdf,91,cash_flow,unconsolidated
NETSOL ANNUAL 2025.pdf,92,changes_in_equity,unconsolidated
NETSOL ANNUAL 2025.pdf,93,notes,unconsolidated
NETSOL ANNUAL 2025.pdf,94,notes,unknown
NETSOL ANNUAL 2025.pdf,95,notes,unknown
NETSOL ANNUAL 2025.pdf,97,notes,unknown
NETSOL ANNUAL 2025.pdf,99,notes,unknown
NETSOL ANNUAL 2025.pdf,101,notes,unknown
NETSOL ANNUAL 2025.pdf,103,notes,unknown
NETSOL ANNUAL 2025.pdf,109,notes,unknown
NETSOL ANNUAL 2025.pdf,111,notes,unknown
NETSOL ANNUAL 2025.pdf,113,notes,unknown
NETSOL ANNUAL 2025.pdf,115,notes,unknown
NETSOL ANNUAL 2025.pdf,119,notes,unknown
NETSOL ANNUAL 2025.pdf,123,notes,unknown
NETSOL ANNUAL 2025.pdf,127,notes,unknown
NETSOL ANNUAL 2025.pdf,131,notes,unknown
NETSOL ANNUAL 2025.pdf,136,notes,consolidated
NETSOL ANNUAL 2025.pdf,141,balance_sheet,consolidated
NETSOL ANNUAL 2025.pdf,142,balance_sheet,unknown
NETSOL ANNUAL 2025.pdf,143,profit_and_loss,consolidated
NETSOL ANNUAL 2025.pdf,145,cash_flow,consolidated
NETSOL ANNUAL 2025.pdf,146,changes_in_equity,consolidated
NETSOL ANNUAL 2025.pdf,147,notes,consolidated
NETSOL ANNUAL 2025.pdf,149,notes,consolidated
NETSOL ANNUAL 2025.pdf,153,notes,consolidated
NETSOL ANNUAL 2025.pdf,155,notes,consolidated
NETSOL ANNUAL 2025.pdf,157,notes,consolidated
NETSOL ANNUAL 2025.pdf,159,notes,consolidated
NETSOL ANNUAL 2025.pdf,161,notes,consolidated
NETSOL ANNUAL 2025.pdf,165,notes,consolidated
NETSOL ANNUAL 2025.pdf,167,notes,consolidated
NETSOL ANNUAL 2025.pdf,171,notes,consolidated
NETSOL ANNUAL 2025.pdf,173,notes,consolidated
NETSOL ANNUAL 2025.pdf,175,notes,consolidated
NETSOL ANNUAL 2025.pdf,180,notes,unknown
NETSOL ANNUAL 2025.pdf,183,notes,consolidated
NETSOL ANNUAL 2025.pdf,185,notes,consolidated
NETSOL ANNUAL 2025.pdf,187,notes,consolidated
Nishat.pdf,37,notes,unknown
Nishat.pdf,43,balance_sheet,unknown
Nishat.pdf,44,balance_sheet,unknown
Nishat.pdf,45,profit_and_loss,unknown
Nishat.pdf,46,profit_and_loss,unknown
Nishat.pdf,47,changes_in_equity,unknown
Nishat.pdf,48,cash_flow,unknown
Nishat.pdf,49,notes,unknown
Nishat.pdf,51,notes,unknown
Nishat.pdf,53,notes,unknown
Nishat.pdf,55,notes,unknown
Nishat.pdf,57,notes,unknown
Nishat.pdf,59,notes,unknown
Nishat.pdf,61,notes,unknown
Nishat.pdf,62,notes,unknown
Nishat.pdf,63,notes,unknown
Nishat.pdf,65,notes,unknown
Nishat.pdf,67,notes,unknown
Nishat.pdf,69,notes,unknown
Nishat.pdf,71,notes,unknown
Nishat.pdf,73,notes,unknown
Nishat.pdf,75,notes,unknown
Nishat.pdf,77,notes,unknown
Nishat.pdf,79,notes,unknown
Nishat.pdf,87,notes,unknown
Nishat.pdf,89,notes,unknown
Nishat.pdf,91,notes,unknown
Nishat.pdf,93,notes,unknown
Nishat.pdf,95,notes,unknown
Nishat.pdf,97,notes,unknown
Nishat.pdf,99,notes,unknown
Nishat.pdf,101,notes,unknown
Nishat.pdf,103,notes,unknown
Nishat.pdf,104,notes,unknown
Nishat.pdf,105,notes,unknown
Nishat.pdf,106,notes,unknown
Nishat.pdf,107,notes,unknown
Nishat.pdf,109,notes,unknown
Nishat.pdf,113,notes,unknown
Nishat.pdf,115,notes,unknown
Nishat.pdf,117,notes,unknown
Nishat.pdf,119,notes,unknown
Nishat.pdf,121,notes,unknown
Nishat.pdf,122,notes,unknown
Nishat.pdf,123,notes,unknown
Nishat.pdf,124,notes,unknown
Nishat.pdf,125,notes,unknown
Nishat.pdf,127,notes,unknown
Nishat.pdf,129,notes,unknown
Nishat.pdf,131,notes,unknown
Nishat.pdf,134,notes,consolidated
Nishat.pdf,143,balance_sheet,consolidated
Nishat.pdf,144,balance_sheet,unknown
Nishat.pdf,145,profit_and_loss,consolidated
Nishat.pdf,146,profit_and_loss,consolidated
Nishat.pdf,147,changes_in_equity,consolidated
Nishat.pdf,148,cash_flow,consolidated
Nishat.pdf,149,notes,consolidated
Nishat.pdf,153,notes,consolidated
Nishat.pdf,155,notes,consolidated
Nishat.pdf,157,notes,consolidated
Nishat.pdf,159,notes,consolidated
Nishat.pdf,161,notes,consolidated
Nishat.pdf,162,notes,consolidated
Nishat.pdf,163,notes,consolidated
Nishat.pdf,165,notes,consolidated
Nishat.pdf,166,notes,consolidated
Nishat.pdf,167,notes,consolidated
Nishat.pdf,169,notes,consolidated
Nishat.pdf,171,notes,consolidated
Nishat.pdf,173,notes,consolidated
Nishat.pdf,175,notes,consolidated
Nishat.pdf,177,notes,consolidated
Nishat.pdf,179,notes,consolidated
Nishat.pdf,181,notes,consolidated
Nishat.pdf,183,notes,consolidated
Nishat.pdf,185,notes,consolidated
Nishat.pdf,186,notes,consolidated
Nishat.pdf,187,notes,consolidated
Nishat.pdf,189,notes,consolidated
Nishat.pdf,191,notes,consolidated
Nishat.pdf,193,notes,consolidated
Nishat.pdf,195,notes,consolidated
Nishat.pdf,197,notes,consolidated
Nishat.pdf,199,notes,consolidated
Nishat.pdf,207,notes,consolidated
Nishat.pdf,209,notes,consolidated
Nishat.pdf,211,notes,consolidated
Nishat.pdf,213,notes,consolidated
Nishat.pdf,215,notes,consolidated
Nishat.pdf,217,notes,consolidated
Nishat.pdf,218,notes,unknown
Nishat.pdf,219,notes,consolidated
Nishat.pdf,221,notes,consolidated
Nishat.pdf,223,notes,consolidated
Nishat.pdf,225,notes,consolidated
Nishat.pdf,227,notes,consolidated
Nishat.pdf,229,notes,consolidated
Nishat.pdf,231,notes,consolidated
Nishat.pdf,233,notes,consolidated
Nishat.pdf,235,notes,consolidated
Nishat.pdf,236,notes,unknown
Nishat.pdf,237,notes,consolidated
Nishat.pdf,239,notes,consolidated
Nishat.pdf,241,notes,consolidated
Nishat.pdf,242,notes,unknown
Nishat.pdf,243,notes,consolidated
Nishat.pdf,244,notes,consolidated
Nishat.pdf,245,notes,consolidated
Nishat.pdf,247,notes,consolidated
Nishat.pdf,249,notes,consolidated
Quice Foods.pdf,19,notes,unknown
Quice Foods.pdf,40,balance_sheet,unknown
Quice Foods.pdf,41,profit_and_loss,unknown
Quice Foods.pdf,43,changes_in_equity,unknown
Quice Foods.pdf,44,cash_flow,unknown
Quice Foods.pdf,45,notes,unknown
Quice Foods.pdf,46,notes,unknown
Quice Foods.pdf,47,notes,unknown
Quice Foods.pdf,48,notes,unknown
Quice Foods.pdf,49,notes,unknown
Quice Foods.pdf,50,notes,unknown
Quice Foods.pdf,51,notes,unknown
Quice Foods.pdf,52,notes,unknown
Quice Foods.pdf,53,notes,unknown
Quice Foods.pdf,54,notes,unknown
Quice Foods.pdf,55,notes,unknown
Quice Foods.pdf,57,notes,unknown
Quice Foods.pdf,58,notes,unknown
Quice Foods.pdf,59,notes,unknown
Quice Foods.pdf,60,notes,unknown
Quice Foods.pdf,61,notes,unknown
Quice Foods.pdf,62,notes,unknown
Quice Foods.pdf,63,notes,unknown
Sapphire Textiles Limited.pdf,4,notes,consolidated
Sapphire Textiles Limited.pdf,75,notes,unknown
Sapphire Textiles Limited.pdf,81,balance_sheet,unknown
Sapphire Textiles Limited.pdf,82,profit_and_loss,unknown
Sapphire Textiles Limited.pdf,83,profit_and_loss,unknown
Sapphire Textiles Limited.pdf,84,changes_in_equity,unknown
Sapphire Textiles Limited.pdf,85,cash_flow,unknown
Sapphire Textiles Limited.pdf,86,notes,unknown
Sapphire Textiles Limited.pdf,87,notes,unknown
Sapphire Textiles Limited.pdf,89,notes,unknown
Sapphire Textiles Limited.pdf,91,notes,unknown
Sapphire Textiles Limited.pdf,93,notes,unknown
Sapphire Textiles Limited.pdf,95,notes,unknown
Sapphire Textiles Limited.pdf,97,notes,unknown
Sapphire Textiles Limited.pdf,99,notes,unknown
Sapphire Textiles Limited.pdf,101,notes,unknown
Sapphire Textiles Limited.pdf,102,notes,unknown
Sapphire Textiles Limited.pdf,103,notes,unknown
Sapphire Textiles Limited.pdf,105,notes,unknown
Sapphire Textiles Limited.pdf,107,notes,unknown
Sapphire Textiles Limited.pdf,109,notes,unknown
Sapphire Textiles Limited.pdf,111,notes,unknown
Sapphire Textiles Limited.pdf,113,notes,unknown
Sapphire Textiles Limited.pdf,115,notes,unknown
Sapphire Textiles Limited.pdf,117,notes,unknown
Sapphire Textiles Limited.pdf,119,notes,unknown
Sapphire Textiles Limited.pdf,121,notes,unknown
Sapphire Textiles Limited.pdf,123,notes,unknown
Sapphire Textiles Limited.pdf,124,notes,unknown
Sapphire Textiles Limited.pdf,127,notes,unknown
Sapphire Textiles Limited.pdf,129,notes,unknown
Sapphire Textiles Limited.pdf,131,notes,unknown
Sapphire Textiles Limited.pdf,133,notes,unknown
Sapphire Textiles Limited.pdf,135,notes,unknown
Sapphire Textiles Limited.pdf,137,notes,unknown
Sapphire Textiles Limited.pdf,139,notes,unknown
Sapphire Textiles Limited.pdf,141,notes,unknown
Sapphire Textiles Limited.pdf,144,notes,unknown
Sapphire Textiles Limited.pdf,145,notes,unknown
Sapphire Textiles Limited.pdf,147,notes,unknown
Sapphire Textiles Limited.pdf,148,notes,unknown
Sapphire Textiles Limited.pdf,149,notes,unknown
Sapphire Textiles Limited.pdf,151,notes,unknown
Sapphire Textiles Limited.pdf,159,notes,consolidated
Sapphire Textiles Limited.pdf,165,balance_sheet,consolidated
Sapphire Textiles Limited.pdf,166,profit_and_loss,consolidated
Sapphire Textiles Limited.pdf,167,profit_and_loss,consolidated
Sapphire Textiles Limited.pdf,169,cash_flow,consolidated
Sapphire Textiles Limited.pdf,170,notes,consolidated
Sapphire Textiles Limited.pdf,171,notes,consolidated
Sapphire Textiles Limited.pdf,173,notes,consolidated
Sapphire Textiles Limited.pdf,175,notes,consolidated
Sapphire Textiles Limited.pdf,177,notes,consolidated
Sapphire Textiles Limited.pdf,179,notes,consolidated
Sapphire Textiles Limited.pdf,181,notes,consolidated
Sapphire Textiles Limited.pdf,183,notes,consolidated
Sapphire Textiles Limited.pdf,185,notes,consolidated
Sapphire Textiles Limited.pdf,187,notes,consolidated
Sapphire Textiles Limited.pdf,189,notes,consolidated
Sapphire Textiles Limited.pdf,191,notes,consolidated
Sapphire Textiles Limited.pdf,193,notes,consolidated
Sapphire Textiles Limited.pdf,194,notes,consolidated
Sapphire Textiles Limited.pdf,195,notes,consolidated
Sapphire Textiles Limited.pdf,197,notes,consolidated
Sapphire Textiles Limited.pdf,199,notes,consolidated
Sapphire Textiles Limited.pdf,201,notes,consolidated
Sapphire Textiles Limited.pdf,203,notes,consolidated
Sapphire Textiles Limited.pdf,205,notes,consolidated
Sapphire Textiles Limited.pdf,208,notes,unknown
Sapphire Textiles Limited.pdf,209,notes,consolidated
Sapphire Textiles Limited.pdf,211,notes,consolidated
Sapphire Textiles Limited.pdf,213,notes,consolidated
Sapphire Textiles Limited.pdf,215,notes,consolidated
Sapphire Textiles Limited.pdf,217,notes,consolidated
Sapphire Textiles Limited.pdf,219,notes,consolidated
Sapphire Textiles Limited.pdf,221,notes,consolidated
Sapphire Textiles Limited.pdf,223,notes,consolidated
Sapphire Textiles Limited.pdf,225,notes,consolidated
Sapphire Textiles Limited.pdf,229,notes,consolidated
Sapphire Textiles Limited.pdf,231,notes,consolidated
Sapphire Textiles Limited.pdf,233,notes,consolidated
Sapphire Textiles Limited.pdf,237,notes,consolidated
Sapphire Textiles Limited.pdf,239,notes,consolidated
Sapphire Textiles Limited.pdf,241,notes,consolidated
Sapphire Textiles Limited.pdf,243,notes,consolidated
Sapphire Textiles Limited.pdf,244,notes,unknown
Sapphire Textiles Limited.pdf,245,notes,consolidated
Sapphire Textiles Limited.pdf,246,notes,unknown
Sapphire Textiles Limited.pdf,247,notes,consolidated
Sapphire Textiles Limited.pdf,249,notes,consolidated
Sapphire Textiles Limited.pdf,251,notes,consolidated
Sapphire Textiles Limited.pdf,253,notes,consolidated
Sapphire Textiles Limited.pdf,255,notes,consolidated
Sapphire Textiles Limited.pdf,257,notes,consolidated
Sapphire Textiles Limited.pdf,258,notes,unknown
Sapphire Textiles Limited.pdf,259,notes,consolidated
Sapphire Textiles Limited.pdf,261,notes,consolidated
Sapphire Textiles Limited.pdf,263,notes,consolidated
SYS.pdf,133,notes,unconsolidated
SYS.pdf,136,balance_sheet,unconsolidated
SYS.pdf,137,profit_and_loss,unconsolidated
SYS.pdf,139,changes_in_equity,unconsolidated
SYS.pdf,140,cash_flow,unconsolidated
SYS.pdf,141,cash_flow,unconsolidated
SYS.pdf,142,notes,unconsolidated
SYS.pdf,153,notes,unconsolidated
SYS.pdf,169,notes,unconsolidated
SYS.pdf,185,notes,unconsolidated
SYS.pdf,189,notes,unconsolidated
SYS.pdf,194,notes,consolidated
SYS.pdf,198,balance_sheet,consolidated
SYS.pdf,199,profit_and_loss,consolidated
SYS.pdf,200,profit_and_loss,consolidated
SYS.pdf,201,changes_in_equity,consolidated
SYS.pdf,202,cash_flow,consolidated
SYS.pdf,203,notes,consolidated
SYS.pdf,242,notes,unknown
SYS.pdf,245,notes,unknown
SYS.pdf,256,notes,consolidated
SYS.pdf,264,notes,unknown
SYS.pdf,268,notes,unknown
TPL Tracker ltd.pdf,3,notes,unconsolidated
TPL Tracker ltd.pdf,47,notes,unknown
TPL Tracker ltd.pdf,68,balance_sheet,unconsolidated
TPL Tracker ltd.pdf,69,profit_and_loss,unconsolidated
TPL Tracker ltd.pdf,70,changes_in_equity,unconsolidated
TPL Tracker ltd.pdf,71,cash_flow,unconsolidated
TPL Tracker ltd.pdf,72,notes,unconsolidated
TPL Tracker ltd.pdf,73,notes,unconsolidated
TPL Tracker ltd.pdf,74,notes,unconsolidated
TPL Tracker ltd.pdf,75,notes,unconsolidated
TPL Tracker ltd.pdf,76,notes,unconsolidated
TPL Tracker ltd.pdf,77,notes,unconsolidated
TPL Tracker ltd.pdf,78,notes,unconsolidated
TPL Tracker ltd.pdf,79,notes,unconsolidated
TPL Tracker ltd.pdf,80,notes,unconsolidated
TPL Tracker ltd.pdf,81,notes,unconsolidated
TPL Tracker ltd.pdf,82,notes,unconsolidated
TPL Tracker ltd.pdf,83,notes,unconsolidated
TPL Tracker ltd.pdf,85,notes,unconsolidated
TPL Tracker ltd.pdf,86,notes,unconsolidated
TPL Tracker ltd.pdf,87,notes,unconsolidated
TPL Tracker ltd.pdf,88,notes,unconsolidated
TPL Tracker ltd.pdf,89,notes,unconsolidated
TPL Tracker ltd.pdf,90,notes,unconsolidated
TPL Tracker ltd.pdf,91,notes,unconsolidated
TPL Tracker ltd.pdf,92,notes,unconsolidated
TPL Tracker ltd.pdf,93,notes,unconsolidated
TPL Tracker ltd.pdf,94,notes,unconsolidated
TPL Tracker ltd.pdf,95,notes,unconsolidated
TPL Tracker ltd.pdf,100,balance_sheet,consolidated
TPL Tracker ltd.pdf,101,profit_and_loss,consolidated
TPL Tracker ltd.pdf,102,changes_in_equity,consolidated
TPL Tracker ltd.pdf,103,cash_flow,unconsolidated
TPL Tracker ltd.pdf,104,notes,consolidated
TPL Tracker ltd.pdf,105,notes,consolidated
TPL Tracker ltd.pdf,106,notes,consolidated
TPL Tracker ltd.pdf,107,notes,consolidated
TPL Tracker ltd.pdf,108,notes,consolidated
TPL Tracker ltd.pdf,109,notes,consolidated
TPL Tracker ltd.pdf,110,notes,consolidated
TPL Tracker ltd.pdf,111,notes,consolidated
TPL Tracker ltd.pdf,112,notes,consolidated
TPL Tracker ltd.pdf,113,notes,consolidated
TPL Tracker ltd.pdf,114,notes,consolidated
TPL Tracker ltd.pdf,115,notes,consolidated
TPL Tracker ltd.pdf,116,notes,consolidated
TPL Tracker ltd.pdf,118,notes,consolidated
TPL Tracker ltd.pdf,119,notes,consolidated
TPL Tracker ltd.pdf,120,notes,consolidated
TPL Tracker ltd.pdf,121,notes,consolidated
TPL Tracker ltd.pdf,122,notes,consolidated
TPL Tracker ltd.pdf,123,notes,consolidated
TPL Tracker ltd.pdf,124,notes,consolidated
TPL Tracker ltd.pdf,125,notes,consolidated
TPL Tracker ltd.pdf,126,notes,consolidated
TPL Tracker ltd.pdf,127,notes,consolidated
TPL Tracker ltd.pdf,128,notes,consolidated
TPL Tracker ltd.pdf,132,notes,unknown
TPL Tracker ltd.pdf,135,notes,unknown
TPL Tracker ltd.pdf,138,notes,unknown
