filename,type,pages,rotation,total_rows,good_rows,status
Abbott Labs Pakistan.pdf,balance_sheet,105-106,0,50,50,OK
Abbott Labs Pakistan.pdf,profit_and_loss,107-108,0,44,44,OK
Abbott Labs Pakistan.pdf,cash_flow,93-93,0,30,30,OK
Abbott Labs Pakistan.pdf,cash_flow,109-109,0,31,31,OK
Abbott Labs Pakistan.pdf,changes_in_equity,110-110,0,26,26,OK
Attock Cement.pdf,balance_sheet,77-77,0,49,49,OK
Attock Cement.pdf,profit_and_loss,78-78,0,28,28,OK
Attock Cement.pdf,cash_flow,80-80,0,35,35,OK
Attock Cement.pdf,changes_in_equity,79-79,0,25,25,OK
Engro Annual 2025.pdf,balance_sheet,159-159,0,60,60,OK
Engro Annual 2025.pdf,balance_sheet,195-195,0,62,62,OK
Engro Annual 2025.pdf,profit_and_loss,160-160,0,37,37,OK
Engro Annual 2025.pdf,profit_and_loss,196-196,0,34,34,OK
Engro Annual 2025.pdf,cash_flow,161-161,0,72,72,OK
Engro Annual 2025.pdf,cash_flow,197-197,0,73,73,OK
Engro Annual 2025.pdf,changes_in_equity,161-161,0,72,72,OK
Engro Annual 2025.pdf,changes_in_equity,197-197,0,73,73,OK
Fauji Fertilizers.pdf,balance_sheet,307-308,0,60,60,OK
Fauji Fertilizers.pdf,balance_sheet,427-428,0,69,69,OK
Fauji Fertilizers.pdf,profit_and_loss,309-310,0,52,52,OK
Fauji Fertilizers.pdf,profit_and_loss,429-430,0,68,68,OK
Fauji Fertilizers.pdf,cash_flow,311-311,0,37,37,OK
Fauji Fertilizers.pdf,cash_flow,431-431,0,36,36,OK
Fauji Fertilizers.pdf,changes_in_equity,312-312,0,41,41,OK
Fauji Fertilizers.pdf,changes_in_equity,432-432,0,99,99,OK
Gul Ahmed Annual 2025.pdf,balance_sheet,55-55,0,70,70,OK
Gul Ahmed Annual 2025.pdf,balance_sheet,90-90,0,74,74,OK
Gul Ahmed Annual 2025.pdf,profit_and_loss,55-55,0,70,70,OK
Gul Ahmed Annual 2025.pdf,profit_and_loss,90-90,0,74,74,OK
Gul Ahmed Annual 2025.pdf,cash_flow,57-57,0,58,58,OK
Gul Ahmed Annual 2025.pdf,cash_flow,92-92,0,62,62,OK
Gul Ahmed Annual 2025.pdf,changes_in_equity,56-56,0,34,34,OK
Gul Ahmed Annual 2025.pdf,changes_in_equity,91-91,0,47,47,OK
Indus Motor.pdf,balance_sheet,91-91,0,43,43,OK
Indus Motor.pdf,balance_sheet,273-273,0,50,50,OK
Indus Motor.pdf,profit_and_loss,91-91,0,43,43,OK
Indus Motor.pdf,profit_and_loss,274-275,0,46,46,OK
Indus Motor.pdf,cash_flow,276-276,0,33,33,OK
Indus Motor.pdf,changes_in_equity,277-277,0,33,33,OK
JS BankLtd.pdf,balance_sheet,60-60,0,33,33,OK
JS BankLtd.pdf,balance_sheet,184-184,0,36,36,OK
JS BankLtd.pdf,profit_and_loss,61-62,0,52,52,OK
JS BankLtd.pdf,profit_and_loss,185-186,0,61,61,OK
JS BankLtd.pdf,cash_flow,64-64,0,60,60,OK
JS BankLtd.pdf,cash_flow,188-188,0,64,64,OK
JS BankLtd.pdf,changes_in_equity,63-63,0,44,44,OK
JS BankLtd.pdf,changes_in_equity,187-187,0,48,48,OK
K-electric LImited.pdf,balance_sheet,105-105,0,70,70,OK
K-electric LImited.pdf,balance_sheet,181-181,0,69,69,OK
K-electric LImited.pdf,profit_and_loss,106-107,0,54,54,OK
K-electric LImited.pdf,profit_and_loss,182-183,0,55,55,OK
K-electric LImited.pdf,cash_flow,96-96,0,35,35,OK
K-electric LImited.pdf,cash_flow,109-109,0,66,66,OK
K-electric LImited.pdf,cash_flow,185-185,0,65,65,OK
K-electric LImited.pdf,changes_in_equity,108-108,0,27,27,OK
K-electric LImited.pdf,changes_in_equity,184-184,0,27,27,OK
Lucky Cement Limited.pdf,balance_sheet,239-239,0,50,50,OK
Lucky Cement Limited.pdf,balance_sheet,290-290,0,58,58,OK
Lucky Cement Limited.pdf,profit_and_loss,240-241,0,61,61,OK
Lucky Cement Limited.pdf,profit_and_loss,291-292,0,59,59,OK
Lucky Cement Limited.pdf,cash_flow,242-242,0,37,37,OK
Lucky Cement Limited.pdf,cash_flow,293-293,0,40,40,OK
Lucky Cement Limited.pdf,changes_in_equity,243-243,0,19,19,OK
Lucky Cement Limited.pdf,changes_in_equity,294-294,0,35,35,OK
MCB Limited.pdf,balance_sheet,98-98,0,41,41,OK
MCB Limited.pdf,balance_sheet,329-329,0,35,35,OK
MCB Limited.pdf,balance_sheet,459-459,0,37,37,OK
MCB Limited.pdf,profit_and_loss,330-331,0,51,51,OK
MCB Limited.pdf,profit_and_loss,460-461,0,65,65,OK
MCB Limited.pdf,cash_flow,130-130,0,45,45,OK
MCB Limited.pdf,cash_flow,333-333,0,66,66,OK
MCB Limited.pdf,cash_flow,463-463,0,66,66,OK
MCB Limited.pdf,changes_in_equity,332-332,0,85,85,OK
Mughal Iron and Steel.pdf,balance_sheet,82-82,0,50,50,OK
Mughal Iron and Steel.pdf,balance_sheet,153-153,0,54,54,OK
Mughal Iron and Steel.pdf,profit_and_loss,83-84,0,51,51,OK
Mughal Iron and Steel.pdf,profit_and_loss,154-155,0,48,48,OK
Mughal Iron and Steel.pdf,cash_flow,86-86,0,40,40,OK
Mughal Iron and Steel.pdf,cash_flow,157-157,0,40,40,OK
Mughal Iron and Steel.pdf,changes_in_equity,85-85,0,31,31,OK
Mughal Iron and Steel.pdf,changes_in_equity,156-156,0,46,46,OK
NETSOL ANNUAL 2025.pdf,balance_sheet,87-88,0,55,55,OK
NETSOL ANNUAL 2025.pdf,balance_sheet,141-142,0,54,54,OK
NETSOL ANNUAL 2025.pdf,profit_and_loss,89-89,0,25,25,OK
NETSOL ANNUAL 2025.pdf,profit_and_loss,143-143,0,25,25,OK
NETSOL ANNUAL 2025.pdf,cash_flow,91-91,0,53,53,OK
NETSOL ANNUAL 2025.pdf,cash_flow,145-145,0,55,55,OK
NETSOL ANNUAL 2025.pdf,changes_in_equity,92-92,0,30,30,OK
NETSOL ANNUAL 2025.pdf,changes_in_equity,146-146,0,41,41,OK
Nishat.pdf,balance_sheet,43-44,0,57,57,OK
Nishat.pdf,balance_sheet,143-144,0,60,60,OK
Nishat.pdf,profit_and_loss,45-46,0,42,42,OK
Nishat.pdf,profit_and_loss,145-146,0,47,47,OK
Nishat.pdf,cash_flow,48-48,0,35,35,OK
Nishat.pdf,cash_flow,148-148,0,38,38,OK
Nishat.pdf,changes_in_equity,47-47,0,65,65,OK
Nishat.pdf,changes_in_equity,147-147,0,121,121,OK
Sapphire Textiles Limited.pdf,balance_sheet,81-81,0,52,52,OK
Sapphire Textiles Limited.pdf,balance_sheet,165-165,0,56,56,OK
Sapphire Textiles Limited.pdf,profit_and_loss,82-83,0,45,45,OK
Sapphire Textiles Limited.pdf,profit_and_loss,166-167,0,60,60,OK
Sapphire Textiles Limited.pdf,cash_flow,85-85,0,35,35,OK
Sapphire Textiles Limited.pdf,cash_flow,169-169,0,39,39,OK
Sapphire Textiles Limited.pdf,changes_in_equity,84-84,0,69,69,OK
SYS.pdf,balance_sheet,136-136,0,49,49,OK
SYS.pdf,balance_sheet,198-198,0,61,61,OK
SYS.pdf,profit_and_loss,137-137,0,24,24,OK
SYS.pdf,profit_and_loss,199-200,0,48,48,OK
SYS.pdf,cash_flow,140-141,0,77,77,OK
SYS.pdf,cash_flow,202-202,0,40,40,OK
SYS.pdf,changes_in_equity,139-139,0,46,46,OK
SYS.pdf,changes_in_equity,201-201,0,32,32,OK
TPL Tracker ltd.pdf,balance_sheet,68-68,0,48,48,OK
TPL Tracker ltd.pdf,balance_sheet,100-100,0,51,51,OK
TPL Tracker ltd.pdf,profit_and_loss,69-69,0,27,27,OK
TPL Tracker ltd.pdf,profit_and_loss,101-101,0,37,37,OK
TPL Tracker ltd.pdf,cash_flow,71-71,0,44,44,OK
TPL Tracker ltd.pdf,cash_flow,103-103,0,50,50,OK
TPL Tracker ltd.pdf,changes_in_equity,70-70,0,23,23,OK
TPL Tracker ltd.pdf,changes_in_equity,102-102,0,26,26,OK
Quice Foods.pdf,balance_sheet,40-40,0,37,37,OK
Quice Foods.pdf,profit_and_loss,41-41,0,22,22,OK
Quice Foods.pdf,cash_flow,44-44,0,38,38,OK
Quice Foods.pdf,changes_in_equity,43-43,0,22,22,OK
